{
	"credit": "Made by Ecorn",
	"textures": {
		"2": "block/cherry_door_bottom",
		"particle": "block/cherry_door_bottom"
	},
	"elements": [
		{
			"from": [0, 0, 0],
			"to": [3, 15, 16],
			"rotation": {"angle": 0, "axis": "y", "origin": [1.5, 11.5, 8]},
			"faces": {
				"north": {"uv": [3, 1, 0, 16], "texture": "#2"},
				"east": {"uv": [16, 1, 0, 16], "texture": "#2"},
				"south": {"uv": [13, 1, 16, 16], "texture": "#2"},
				"west": {"uv": [0, 1, 16, 16], "texture": "#2"},
				"up": {"uv": [11, 0, 14, 16], "rotation": 180, "texture": "#2"},
				"down": {"uv": [0, 0, 3, 16], "rotation": 180, "texture": "#2"}
			}
		},
		{
			"from": [0, 15, 0],
			"to": [3, 16, 3],
			"rotation": {"angle": 0, "axis": "y", "origin": [1.5, 11.5, 8]},
			"faces": {
				"north": {"uv": [3, 0, 0, 1], "texture": "#2"},
				"east": {"uv": [3, 0, 0, 1], "texture": "#2"},
				"south": {"uv": [3, 1, 6, 2], "texture": "#2"},
				"west": {"uv": [0, 0, 3, 1], "texture": "#2"},
				"up": {"uv": [0, 5, 3, 8], "rotation": 180, "texture": "#2"}
			}
		},
		{
			"from": [0, 15, 13],
			"to": [3, 16, 16],
			"rotation": {"angle": 0, "axis": "y", "origin": [1.5, 11.5, 8]},
			"faces": {
				"north": {"uv": [3, 1, 6, 2], "texture": "#2"},
				"east": {"uv": [16, 0, 13, 1], "texture": "#2"},
				"south": {"uv": [13, 0, 16, 1], "texture": "#2"},
				"west": {"uv": [13, 0, 16, 1], "texture": "#2"},
				"up": {"uv": [0, 5, 3, 8], "rotation": 180, "texture": "#2"}
			}
		},
		{
			"from": [1.25, 15, 6],
			"to": [1.75, 16, 10],
			"rotation": {"angle": 0, "axis": "y", "origin": [1.5, 11.5, 8]},
			"faces": {
				"north": {"uv": [6, 0, 7, 1], "texture": "#2"},
				"east": {"uv": [10, 0, 6, 1], "texture": "#2"},
				"south": {"uv": [8, 0, 9, 1], "texture": "#2"},
				"west": {"uv": [6, 0, 10, 1], "texture": "#2"},
				"up": {"uv": [6, 0, 10, 1], "rotation": 90, "texture": "#2"}
			}
		},
		{
			"from": [1.25, 15, 3],
			"to": [1.75, 16, 5],
			"rotation": {"angle": 0, "axis": "y", "origin": [1.5, 11.5, 8]},
			"faces": {
				"east": {"uv": [5, 0, 3, 1], "texture": "#2"},
				"south": {"uv": [4, 0, 5, 1], "texture": "#2"},
				"west": {"uv": [3, 0, 5, 1], "texture": "#2"},
				"up": {"uv": [3, 0, 5, 1], "rotation": 90, "texture": "#2"}
			}
		},
		{
			"from": [1.25, 15, 11],
			"to": [1.75, 16, 13],
			"rotation": {"angle": 0, "axis": "y", "origin": [1.5, 11.5, 8]},
			"faces": {
				"north": {"uv": [3, 0, 4, 1], "texture": "#2"},
				"east": {"uv": [13, 0, 11, 1], "texture": "#2"},
				"west": {"uv": [11, 0, 13, 1], "texture": "#2"},
				"up": {"uv": [3, 0, 5, 1], "rotation": 90, "texture": "#2"}
			}
		},
		{
			"from": [-0.5, 9, 7],
			"to": [3.5, 10, 9],
			"rotation": {"angle": 0, "axis": "y", "origin": [1.5, 11.5, 8]},
			"faces": {
				"north": {"uv": [7, 6, 9, 7], "texture": "#2"},
				"east": {"uv": [7, 6, 9, 7], "texture": "#2"},
				"south": {"uv": [7, 6, 9, 7], "texture": "#2"},
				"west": {"uv": [7, 6, 9, 7], "texture": "#2"},
				"up": {"uv": [7, 6, 9, 7], "rotation": 180, "texture": "#2"},
				"down": {"uv": [7, 6, 9, 7], "rotation": 180, "texture": "#2"}
			}
		},
		{
			"from": [-0.5, 12, 7],
			"to": [3.5, 13, 9],
			"rotation": {"angle": 0, "axis": "y", "origin": [1.5, 11.5, 8]},
			"faces": {
				"north": {"uv": [7, 3, 8, 4], "texture": "#2"},
				"east": {"uv": [9, 3, 7, 4], "texture": "#2"},
				"south": {"uv": [9, 3, 8, 4], "texture": "#2"},
				"west": {"uv": [7, 3, 9, 4], "texture": "#2"},
				"up": {"uv": [9, 3, 7, 4], "rotation": 270, "texture": "#2"},
				"down": {"uv": [7, 3, 9, 4], "rotation": 180, "texture": "#2"}
			}
		},
		{
			"from": [-0.5, 10, 9],
			"to": [3.5, 12, 10],
			"rotation": {"angle": 0, "axis": "y", "origin": [1.5, 11.5, 8]},
			"faces": {
				"north": {"uv": [7, 6, 9, 7], "texture": "#2"},
				"east": {"uv": [7, 6, 9, 7], "rotation": 270, "texture": "#2"},
				"south": {"uv": [7, 6, 9, 7], "rotation": 180, "texture": "#2"},
				"west": {"uv": [7, 6, 9, 7], "rotation": 90, "texture": "#2"},
				"up": {"uv": [7, 6, 9, 7], "rotation": 180, "texture": "#2"},
				"down": {"uv": [7, 6, 9, 7], "texture": "#2"}
			}
		},
		{
			"from": [-0.5, 10, 6],
			"to": [3.5, 12, 7],
			"rotation": {"angle": 0, "axis": "y", "origin": [1.5, 11.5, 8]},
			"faces": {
				"north": {"uv": [7, 3, 9, 4], "rotation": 90, "texture": "#2"},
				"east": {"uv": [9, 3, 7, 4], "rotation": 270, "texture": "#2"},
				"south": {"uv": [7, 3, 9, 4], "rotation": 90, "texture": "#2"},
				"west": {"uv": [7, 3, 9, 4], "rotation": 90, "texture": "#2"},
				"up": {"uv": [7, 3, 8, 4], "rotation": 180, "texture": "#2"},
				"down": {"uv": [8, 3, 9, 4], "texture": "#2"}
			}
		}
	]
}