{
	"credit": "Made by Ecorn",
	"textures": {
		"0": "block/jungle_door_top",
		"particle": "block/jungle_door_top"
	},
	"elements": [
		{
			"from": [0, 0, 12],
			"to": [3, 16, 16],
			"faces": {
				"north": {"uv": [12, 0, 15, 16], "texture": "#0"},
				"east": {"uv": [16, 0, 12, 16], "texture": "#0"},
				"south": {"uv": [1, 0, 4, 16], "texture": "#0"},
				"west": {"uv": [12, 0, 16, 16], "texture": "#0"},
				"up": {"uv": [1, 0, 4, 4], "rotation": 180, "texture": "#0"},
				"down": {"uv": [1, 2, 4, 6], "rotation": 180, "texture": "#0"}
			}
		},
		{
			"from": [0, 0, 0],
			"to": [3, 16, 4],
			"faces": {
				"north": {"uv": [3, 0, 0, 16], "texture": "#0"},
				"east": {"uv": [4, 0, 0, 16], "texture": "#0"},
				"south": {"uv": [1, 0, 4, 16], "texture": "#0"},
				"west": {"uv": [0, 0, 4, 16], "texture": "#0"},
				"up": {"uv": [1, 7, 4, 3], "rotation": 180, "texture": "#0"},
				"down": {"uv": [0, 0, 3, 4], "rotation": 180, "texture": "#0"}
			}
		},
		{
			"from": [0, 0, 4],
			"to": [3, 4, 12],
			"faces": {
				"east": {"uv": [12, 12, 4, 16], "texture": "#0"},
				"west": {"uv": [4, 12, 12, 16], "texture": "#0"},
				"up": {"uv": [1, 0, 4, 8], "rotation": 180, "texture": "#0"},
				"down": {"uv": [1, 0, 4, 8], "rotation": 180, "texture": "#0"}
			}
		},
		{
			"from": [0, 6, 4],
			"to": [3, 8, 12],
			"faces": {
				"east": {"uv": [12, 8, 4, 10], "texture": "#0"},
				"west": {"uv": [4, 8, 12, 10], "texture": "#0"},
				"up": {"uv": [1, 0, 4, 8], "rotation": 180, "texture": "#0"},
				"down": {"uv": [1, 0, 4, 8], "rotation": 180, "texture": "#0"}
			}
		},
		{
			"from": [0, 13, 4],
			"to": [3, 16, 12],
			"faces": {
				"east": {"uv": [12, 0, 4, 3], "texture": "#0"},
				"west": {"uv": [4, 0, 12, 3], "texture": "#0"},
				"up": {"uv": [1, 0, 4, 8], "rotation": 180, "texture": "#0"},
				"down": {"uv": [1, 0, 4, 8], "rotation": 180, "texture": "#0"}
			}
		},
		{
			"from": [0, 12, 9],
			"to": [3, 13, 12],
			"faces": {
				"north": {"uv": [1, 2, 4, 3], "texture": "#0"},
				"east": {"uv": [12, 3, 9, 4], "texture": "#0"},
				"west": {"uv": [9, 3, 12, 4], "texture": "#0"},
				"down": {"uv": [1, 2, 4, 5], "rotation": 180, "texture": "#0"}
			}
		},
		{
			"from": [0, 11, 11],
			"to": [3, 12, 12],
			"faces": {
				"north": {"uv": [1, 5, 4, 6], "texture": "#0"},
				"east": {"uv": [5, 4, 4, 5], "texture": "#0"},
				"west": {"uv": [11, 4, 12, 5], "texture": "#0"},
				"down": {"uv": [1, 2, 4, 3], "rotation": 180, "texture": "#0"}
			}
		},
		{
			"from": [0, 11, 4],
			"to": [3, 12, 5],
			"faces": {
				"east": {"uv": [12, 4, 11, 5], "texture": "#0"},
				"south": {"uv": [1, 2, 4, 3], "texture": "#0"},
				"west": {"uv": [4, 4, 5, 5], "texture": "#0"},
				"down": {"uv": [1, 2, 4, 3], "rotation": 180, "texture": "#0"}
			}
		},
		{
			"from": [0, 12, 4],
			"to": [3, 13, 7],
			"faces": {
				"east": {"uv": [7, 3, 4, 4], "texture": "#0"},
				"south": {"uv": [1, 1, 4, 2], "texture": "#0"},
				"west": {"uv": [4, 3, 7, 4], "texture": "#0"},
				"down": {"uv": [1, 3, 4, 6], "rotation": 180, "texture": "#0"}
			}
		},
		{
			"from": [0, 8, 6],
			"to": [3, 12, 7],
			"faces": {
				"north": {"uv": [1, 0, 4, 6], "texture": "#0"},
				"east": {"uv": [7, 4, 6, 8], "texture": "#0"},
				"south": {"uv": [1, 2, 4, 8], "texture": "#0"},
				"west": {"uv": [6, 4, 7, 8], "texture": "#0"}
			}
		},
		{
			"from": [0, 4, 4],
			"to": [3, 6, 6],
			"faces": {
				"east": {"uv": [6, 10, 4, 12], "texture": "#0"},
				"south": {"uv": [1, 2, 4, 4], "texture": "#0"},
				"west": {"uv": [4, 10, 6, 12], "texture": "#0"}
			}
		},
		{
			"from": [0, 4, 6],
			"to": [3, 5, 7],
			"faces": {
				"east": {"uv": [10, 11, 9, 12], "texture": "#0"},
				"south": {"uv": [1, 3, 4, 4], "texture": "#0"},
				"west": {"uv": [6, 11, 7, 12], "texture": "#0"},
				"up": {"uv": [1, 3, 4, 4], "rotation": 180, "texture": "#0"}
			}
		},
		{
			"from": [0, 4, 9],
			"to": [3, 5, 10],
			"faces": {
				"north": {"uv": [1, 2, 4, 3], "texture": "#0"},
				"east": {"uv": [7, 11, 6, 12], "texture": "#0"},
				"west": {"uv": [9, 11, 10, 12], "texture": "#0"},
				"up": {"uv": [1, 3, 4, 4], "rotation": 180, "texture": "#0"}
			}
		},
		{
			"from": [0, 4, 10],
			"to": [3, 6, 12],
			"faces": {
				"north": {"uv": [1, 4, 4, 5], "texture": "#0"},
				"east": {"uv": [12, 10, 10, 12], "texture": "#0"},
				"west": {"uv": [10, 10, 12, 12], "texture": "#0"}
			}
		},
		{
			"from": [0, 8, 9],
			"to": [3, 12, 10],
			"faces": {
				"north": {"uv": [1, 3, 4, 8], "texture": "#0"},
				"east": {"uv": [10, 4, 9, 8], "texture": "#0"},
				"south": {"uv": [1, 1, 4, 7], "texture": "#0"},
				"west": {"uv": [9, 4, 10, 8], "texture": "#0"}
			}
		},
		{
			"from": [3, 0, 11],
			"to": [3.5, 1, 12],
			"faces": {
				"north": {"uv": [11, 15, 12, 16], "texture": "#0"},
				"east": {"uv": [11, 15, 12, 16], "texture": "#0"},
				"south": {"uv": [11, 15, 12, 16], "texture": "#0"},
				"down": {"uv": [11, 15, 12, 16], "texture": "#0"}
			}
		},
		{
			"from": [-0.5, 0, 11],
			"to": [0, 1, 12],
			"faces": {
				"north": {"uv": [11, 15, 12, 16], "texture": "#0"},
				"south": {"uv": [11, 15, 12, 16], "texture": "#0"},
				"west": {"uv": [11, 15, 12, 16], "texture": "#0"},
				"down": {"uv": [11, 15, 12, 16], "texture": "#0"}
			}
		},
		{
			"from": [3, 1, 11],
			"to": [3.5, 2, 14],
			"faces": {
				"north": {"uv": [13, 14, 14, 15], "texture": "#0"},
				"east": {"uv": [11, 14, 14, 15], "texture": "#0"},
				"south": {"uv": [11, 14, 12, 15], "texture": "#0"},
				"up": {"uv": [11, 14, 14, 15], "rotation": 270, "texture": "#0"},
				"down": {"uv": [11, 14, 14, 15], "texture": "#0"}
			}
		},
		{
			"from": [-0.5, 1, 11],
			"to": [0, 2, 14],
			"faces": {
				"north": {"uv": [13, 14, 14, 15], "texture": "#0"},
				"south": {"uv": [11, 14, 12, 15], "texture": "#0"},
				"west": {"uv": [14, 14, 11, 15], "texture": "#0"},
				"up": {"uv": [11, 14, 14, 15], "rotation": 270, "texture": "#0"},
				"down": {"uv": [11, 14, 14, 15], "texture": "#0"}
			}
		}
	]
}