{
	"parent": "item/32x32/generated",
    "display": {
        "thirdperson_righthand": {
            "rotation": [ 0, -90, 55 ],
            "translation": [ 0, 8.0, 5.5 ],
            "scale": [ 0.95, 0.95, 0.95 ]
        },
        "thirdperson_lefthand": {
            "rotation": [70, 0, -180],
            "translation": [-7.25, -6, 12.25],
            "scale": [ 0.95, 0.95, 0.95 ]
        },
        "firstperson_righthand": {
            "rotation": [ 0, -90, 25 ],
            "translation": [ 2.13, 3.2, 2.13 ],
            "scale": [ 0.68, 0.68, 0.68 ]
        },
        "firstperson_lefthand": {
            "rotation": [ 0, 90, -25 ],
            "translation": [ 2.13, 3.2, 2.13 ],
            "scale": [ 0.68, 0.68, 0.68 ]
        }
    }
}