{
	"credit": "Made by Ecorn",
	"textures": {
		"0": "block/birch_door_top",
		"particle": "block/birch_door_top"
	},
	"elements": [
		{
			"from": [0, 0, 0],
			"to": [3, 16, 3],
			"faces": {
				"north": {"uv": [0, 0, 16, 3], "rotation": 90, "texture": "#0"},
				"east": {"uv": [13, 0, 16, 16], "texture": "#0"},
				"south": {"uv": [13, 0, 14, 16], "texture": "#0"},
				"west": {"uv": [16, 0, 13, 16], "texture": "#0"},
				"up": {"uv": [13, 0, 16, 3], "rotation": 270, "texture": "#0"},
				"down": {"uv": [0, 0, 3, 3], "texture": "#0"}
			}
		},
		{
			"from": [0, 0, 13],
			"to": [3, 16, 16],
			"faces": {
				"north": {"uv": [2, 0, 3, 16], "texture": "#0"},
				"east": {"uv": [0, 0, 3, 16], "texture": "#0"},
				"south": {"uv": [3, 0, 0, 16], "texture": "#0"},
				"west": {"uv": [3, 0, 0, 16], "texture": "#0"},
				"up": {"uv": [0, 0, 3, 3], "rotation": 270, "texture": "#0"},
				"down": {"uv": [0, 0, 3, 3], "texture": "#0"}
			}
		},
		{
			"from": [0, 13, 3],
			"to": [3, 16, 13],
			"faces": {
				"east": {"uv": [3, 0, 13, 3], "texture": "#0"},
				"west": {"uv": [13, 0, 3, 3], "texture": "#0"},
				"up": {"uv": [13, 4, 16, 14], "texture": "#0"},
				"down": {"uv": [3, 1, 13, 2], "texture": "#0"}
			}
		},
		{
			"from": [1, 0, 3],
			"to": [2, 13, 13],
			"faces": {
				"north": {"uv": [0, 0, 1, 13], "texture": "#missing"},
				"east": {"uv": [3, 3, 13, 16], "texture": "#0"},
				"south": {"uv": [0, 0, 1, 13], "texture": "#missing"},
				"west": {"uv": [13, 3, 3, 16], "texture": "#0"},
				"up": {"uv": [0, 0, 1, 10], "texture": "#missing"},
				"down": {"uv": [1, 4, 2, 14], "texture": "#0"}
			}
		},
		{
			"from": [3, 0, 1],
			"to": [3.5, 2, 2],
			"faces": {
				"north": {"uv": [14, 14, 15, 16], "texture": "#0"},
				"east": {"uv": [14, 14, 15, 16], "texture": "#0"},
				"south": {"uv": [14, 14, 15, 16], "texture": "#0"},
				"up": {"uv": [14, 14, 15, 15], "rotation": 180, "texture": "#0"},
				"down": {"uv": [14, 15, 15, 16], "rotation": 180, "texture": "#0"}
			}
		},
		{
			"from": [-0.5, 0, 1],
			"to": [0, 2, 2],
			"faces": {
				"north": {"uv": [14, 14, 15, 16], "texture": "#0"},
				"south": {"uv": [14, 14, 15, 16], "texture": "#0"},
				"west": {"uv": [14, 14, 15, 16], "texture": "#0"},
				"up": {"uv": [14, 14, 15, 15], "rotation": 180, "texture": "#0"},
				"down": {"uv": [14, 15, 15, 16], "rotation": 180, "texture": "#0"}
			}
		}
	],
	"display": {
		"thirdperson_righthand": {
			"rotation": [40, 50, 0],
			"translation": [0, 1, 0],
			"scale": [0.22, 0.22, 0.22]
		},
		"thirdperson_lefthand": {
			"rotation": [40, 50, 0],
			"translation": [0, -1.5, 0],
			"scale": [0.22, 0.22, 0.22]
		},
		"firstperson_righthand": {
			"rotation": [-22, 30, 0],
			"translation": [0, 1, 4],
			"scale": [0.25, 0.25, 0.25]
		},
		"firstperson_lefthand": {
			"rotation": [-16, 30, 0],
			"translation": [0, 1.5, 3],
			"scale": [0.25, 0.25, 0.25]
		},
		"ground": {
			"translation": [2, 3, 0],
			"scale": [0.25, 0.25, 0.25]
		},
		"gui": {
			"rotation": [30, 225, 0],
			"translation": [-2.5, -4.1, 0],
			"scale": [0.45, 0.45, 0.45]
		},
		"fixed": {
			"rotation": [0, -90, 0],
			"translation": [0, -3.5, 2.5],
			"scale": [0.5, 0.5, 0.5]
		}
	}
}