{
	"credit": "Made by Ecorn",
	"textures": {
		"0": "block/jungle_trapdoor",
		"particle": "block/jungle_trapdoor"
	},
	"elements": [
		{
			"from": [13, 13, 0],
			"to": [16, 16, 16],
			"faces": {
				"north": {"uv": [0, 0, 3, 3], "texture": "#0"},
				"east": {"uv": [0, 0, 16, 3], "texture": "#0"},
				"south": {"uv": [13, 0, 16, 3], "texture": "#0"},
				"west": {"uv": [0, 0, 16, 3], "texture": "#0"},
				"up": {"uv": [0, 0, 3, 16], "rotation": 180, "texture": "#0"},
				"down": {"uv": [16, 16, 13, 0], "rotation": 180, "texture": "#0"}
			}
		},
		{
			"from": [0, 13, 0],
			"to": [3, 16, 16],
			"faces": {
				"north": {"uv": [13, 0, 16, 3], "texture": "#0"},
				"east": {"uv": [0, 0, 16, 3], "texture": "#0"},
				"south": {"uv": [0, 0, 3, 3], "texture": "#0"},
				"west": {"uv": [0, 0, 16, 3], "texture": "#0"},
				"up": {"uv": [13, 0, 16, 16], "rotation": 180, "texture": "#0"},
				"down": {"uv": [3, 16, 0, 0], "rotation": 180, "texture": "#0"}
			}
		},
		{
			"from": [3, 13, 0],
			"to": [13, 16, 4],
			"faces": {
				"north": {"uv": [3, 0, 13, 3], "texture": "#0"},
				"south": {"uv": [3, 0, 13, 3], "texture": "#0"},
				"up": {"uv": [3, 12, 13, 16], "rotation": 180, "texture": "#0"},
				"down": {"uv": [3, 16, 13, 12], "rotation": 180, "texture": "#0"}
			}
		},
		{
			"from": [3, 13, 7],
			"to": [13, 16, 9],
			"faces": {
				"north": {"uv": [5, 0, 15, 3], "texture": "#0"},
				"south": {"uv": [1, 0, 11, 3], "texture": "#0"},
				"up": {"uv": [3, 7, 13, 9], "rotation": 180, "texture": "#0"},
				"down": {"uv": [3, 9, 13, 7], "rotation": 180, "texture": "#0"}
			}
		},
		{
			"from": [3, 13, 13],
			"to": [13, 16, 16],
			"faces": {
				"north": {"uv": [3, 0, 13, 3], "texture": "#0"},
				"south": {"uv": [3, 0, 13, 3], "texture": "#0"},
				"up": {"uv": [3, 0, 13, 3], "rotation": 180, "texture": "#0"},
				"down": {"uv": [3, 3, 13, 0], "rotation": 180, "texture": "#0"}
			}
		},
		{
			"from": [6, 13, 9],
			"to": [7, 16, 13],
			"faces": {
				"east": {"uv": [1, 0, 5, 3], "texture": "#0"},
				"west": {"uv": [10, 0, 14, 3], "texture": "#0"},
				"up": {"uv": [9, 3, 10, 7], "rotation": 180, "texture": "#0"},
				"down": {"uv": [6, 7, 7, 3], "rotation": 180, "texture": "#0"}
			}
		},
		{
			"from": [6, 13, 4],
			"to": [7, 16, 7],
			"faces": {
				"east": {"uv": [3, 0, 6, 3], "texture": "#0"},
				"west": {"uv": [1, 0, 4, 3], "texture": "#0"},
				"up": {"uv": [9, 9, 10, 12], "rotation": 180, "texture": "#0"},
				"down": {"uv": [6, 12, 7, 9], "rotation": 180, "texture": "#0"}
			}
		},
		{
			"from": [9, 13, 9],
			"to": [10, 16, 13],
			"faces": {
				"east": {"uv": [11, 0, 15, 3], "texture": "#0"},
				"west": {"uv": [8, 0, 12, 3], "texture": "#0"},
				"up": {"uv": [6, 3, 7, 7], "rotation": 180, "texture": "#0"},
				"down": {"uv": [9, 7, 10, 3], "rotation": 180, "texture": "#0"}
			}
		},
		{
			"from": [9, 13, 4],
			"to": [10, 16, 7],
			"faces": {
				"east": {"uv": [1, 0, 4, 3], "texture": "#0"},
				"west": {"uv": [2, 0, 5, 3], "texture": "#0"},
				"up": {"uv": [6, 9, 7, 12], "rotation": 180, "texture": "#0"},
				"down": {"uv": [9, 12, 10, 9], "rotation": 180, "texture": "#0"}
			}
		},
		{
			"from": [12, 13, 4],
			"to": [13, 16, 7],
			"faces": {
				"west": {"uv": [2, 0, 5, 3], "texture": "#0"},
				"up": {"uv": [3, 9, 4, 12], "rotation": 180, "texture": "#0"},
				"down": {"uv": [12, 12, 13, 9], "rotation": 180, "texture": "#0"}
			}
		},
		{
			"from": [12, 13, 11],
			"to": [13, 16, 13],
			"faces": {
				"north": {"uv": [3, 0, 4, 3], "texture": "#0"},
				"west": {"uv": [3, 0, 5, 3], "texture": "#0"},
				"up": {"uv": [3, 3, 4, 5], "rotation": 180, "texture": "#0"},
				"down": {"uv": [12, 5, 13, 3], "rotation": 180, "texture": "#0"}
			}
		},
		{
			"from": [11, 13, 12],
			"to": [12, 16, 13],
			"faces": {
				"north": {"uv": [4, 0, 5, 3], "texture": "#0"},
				"west": {"uv": [5, 0, 6, 3], "texture": "#0"},
				"up": {"uv": [4, 3, 5, 4], "rotation": 180, "texture": "#0"},
				"down": {"uv": [11, 4, 12, 3], "rotation": 180, "texture": "#0"}
			}
		},
		{
			"from": [11, 13, 4],
			"to": [12, 16, 5],
			"faces": {
				"south": {"uv": [1, 0, 2, 3], "texture": "#0"},
				"west": {"uv": [1, 0, 2, 3], "texture": "#0"},
				"up": {"uv": [4, 11, 5, 12], "rotation": 180, "texture": "#0"},
				"down": {"uv": [11, 12, 12, 11], "rotation": 180, "texture": "#0"}
			}
		},
		{
			"from": [3, 13, 4],
			"to": [4, 16, 7],
			"faces": {
				"east": {"uv": [1, 0, 4, 3], "texture": "#0"},
				"south": {"uv": [0, 0, 1, 3], "texture": "#missing"},
				"up": {"uv": [12, 9, 13, 12], "rotation": 180, "texture": "#0"},
				"down": {"uv": [3, 12, 4, 9], "rotation": 180, "texture": "#0"}
			}
		},
		{
			"from": [3, 13, 11],
			"to": [4, 16, 13],
			"faces": {
				"north": {"uv": [0, 0, 1, 3], "texture": "#0"},
				"east": {"uv": [7, 0, 9, 3], "texture": "#0"},
				"up": {"uv": [12, 3, 13, 5], "rotation": 180, "texture": "#0"},
				"down": {"uv": [3, 5, 4, 3], "rotation": 180, "texture": "#0"}
			}
		},
		{
			"from": [4, 13, 12],
			"to": [5, 16, 13],
			"faces": {
				"north": {"uv": [3, 0, 4, 3], "texture": "#0"},
				"east": {"uv": [1, 0, 2, 3], "texture": "#0"},
				"up": {"uv": [11, 3, 12, 4], "rotation": 180, "texture": "#0"},
				"down": {"uv": [4, 4, 5, 3], "rotation": 180, "texture": "#0"}
			}
		},
		{
			"from": [4, 13, 4],
			"to": [5, 16, 5],
			"faces": {
				"east": {"uv": [4, 0, 5, 3], "texture": "#0"},
				"south": {"uv": [5, 0, 6, 3], "texture": "#0"},
				"up": {"uv": [11, 11, 12, 12], "rotation": 180, "texture": "#0"},
				"down": {"uv": [4, 12, 5, 11], "rotation": 180, "texture": "#0"}
			}
		},
		{
			"from": [5, 16, 1],
			"to": [11, 16.5, 2],
			"faces": {
				"north": {"uv": [5, 14, 11, 14.5], "texture": "#0"},
				"east": {"uv": [5, 14, 6, 14.5], "texture": "#0"},
				"south": {"uv": [11, 14, 5, 14.5], "texture": "#0"},
				"west": {"uv": [5, 14, 6, 14.5], "texture": "#0"},
				"up": {"uv": [11, 14, 5, 15], "texture": "#0"}
			}
		},
		{
			"from": [5, 12.5, 1],
			"to": [11, 13, 2],
			"faces": {
				"north": {"uv": [11, 14, 5, 14.5], "texture": "#0"},
				"east": {"uv": [5, 14, 6, 14.5], "texture": "#0"},
				"south": {"uv": [5, 14, 11, 14.5], "texture": "#0"},
				"west": {"uv": [5, 14, 6, 14.5], "texture": "#0"},
				"down": {"uv": [5, 14, 11, 15], "texture": "#0"}
			}
		}
	],
	"display": {
		"thirdperson_righthand": {
			"rotation": [75, 45, 0],
			"translation": [0, 2.5, 2.5],
			"scale": [0.375, 0.375, 0.375]
		},
		"thirdperson_lefthand": {
			"rotation": [75, 45, 0],
			"translation": [0, 2.5, 0],
			"scale": [0.375, 0.375, 0.375]
		},
		"firstperson_righthand": {
			"rotation": [0, 45, 0],
			"translation": [0, 3.5, 0],
			"scale": [0.4, 0.4, 0.4]
		},
		"firstperson_lefthand": {
			"rotation": [0, 225, 0],
			"translation": [0, 3.5, 0],
			"scale": [0.4, 0.4, 0.4]
		},
		"ground": {
			"translation": [0, 3, 0],
			"scale": [0.25, 0.25, 0.25]
		},
		"gui": {
			"rotation": [30, 225, 0],
			"scale": [0.625, 0.625, 0.625]
		},
		"fixed": {
			"scale": [0.5, 0.5, 0.5]
		}
	}
}